player,cluster
BFG9k,0
mamalak,2
Desmond_Wilson,2
savinka59,1
Kozakmamay007,2
VanillaShamanilla,0
Naitero_Nagasaki,1
800,2
nichiren1967,1
sport,2
shamirbj,0
tiggran,1
hostking,1
troepianiz,1
manos68,1
jtkjtkful,2
adamsrj,1
hamiakaz,1
Sagaz,2
vadi,1
Abd0,1
Killi,2
Voltvolf,1
Marzinkus,1
jorespi,1
georgek,1
b777,2
sebastian44,0
ticotico,2
Federico,1
omarojo,2
cheesedout,1
pseudoknight,1
j-jorjik,0
jesuss,2
barriosgb2,1
Boss92,1
metrolog,1
Ben_Dover,1
Jonathan_52,2
sonie,0
Maroz,1
1000,2
schutzstaffel,1
Rodney,0
neto391994,0
maslick,1
nujabes,1
Beibus,1
Carroll,1
tarasss,0
Mariss,0
joecasatro,2
?,2
FifthCategory,1
HeyPepito,1
giao,0
excel,0
rennigeb,2
zanella,1
Batalha,0
t4nk,2
Krieg,1
sanuch111,0
Kyklades,0
djarfur,0
Papachaco,1
airtsart,0
Neuronchess,1
LEGENDARY_ERFAN,0
peter2,0
rasmussenesq,1
dipo_a,2
namesnik,1
Hephesto,0
TwoKings,0
Danut68,0
serge,1
Shlomo,1
BCJ,1
GEZ,0
jlfs,1
jesse,1
MARCO0019,2
Luminosity,1
vivelafete,1
dissident_with_love,0
lamobot,1
2girls1cup,0
mufasa,0
AL3103,2
cougar1,1
driverblag,0
psonio,0
H___N,1
dbnp,2
DangerCat,1
chinekeboy,1
jimmy80,0
oleh77,0
Quixote91,0
jaquen81,1
kingofconcentration,1
zebrao,1
crazy2013,1
treehugger,0
MaxPax,0
kramer,2
snob,1
frenchnovice,1
msun,1
vblack,2
61Doc,1
gabrielvictor,2
Quentono,0
gsmaldone,0
Munius,1
ptdhina,1
Alexey_K,0
IsraelCravchik,0
FashionBoy,0
stech,2
shaktimaan,1
Sokol,1
Haven,0
luuletaja,2
alitadepollo,1
ow055,1
sandee,1
RookieRook,1
Sigognac,0
qazmlpvgyhn,2
khan,0
Melinda,0
zlate,1
shueardm,2
Richard_XII,1
ChristlovesU2,1
pskpress,2
jakethedog,1
writinggambler,0
LewisIII,2
spaces,0
Pozitiv,0
Maklaud695,1
cadmandior,2
saxwellrs,2
yehshua,0
Masterstheven,1
garlic,2
Thiago,1
Link,0
ilovemyself,1
xiaoqiao,1
matru,2
tinieblas,0
Leon_Gambetta,1
919191,0
MJordanLutz,1
PES69Z28,1
fistfullofbastard,2
MK9,2
samijoon,2
Atomicangel,1
_viper_,1
ronis,0
oilmanesh,1
Ghost_Lombardi,1
msusngi,1
veter1611,0
As17,1
robusto,1
4lawsdotcom,2
nazer,0
sakrat,1
COLDEST,0
arun,2
maclanie,1
srsbusnes,2
3xaxa,1
Dipankar,1
M3hran,0
SAYANTAN,1
FF4,2
arina1999,1
ostap,1
famcaliap,0
parsh,1
bjagus,1
ralphhh,0
Tomi,0
Elquesoy,1
ostrak11,1
gilberthoy,1
Aquatica,0
m0dE,2
Delaza62,2
Chenstix,1
daredevil,1
ddj,0
burina,2
bagyula,0
JohnUA,0
MihaSAH,1
aminemaxime,0
youcheckimate,1
mailtoilan,0
Yeshi,1
Cukaruchay,1
patan2003,1
H4RDY,2
tolik_mmm,0
Eldorado,2
BulletPlay,2
jsalemal-55,0
akayhan,0
baracuda,0
ajay_jangir,1
ars72,1
NikZ,0
Lancer,0
kinner,2
Stepan9,0
yurday,1
Hooman,2
UKwildcats,0
thomasbrent,1
ale226571,0
Salamandra,0
fuck_you,0
traker100,1
R4Y5T3R,2
Andrandand,1
Arabika2,0
n_farhang,2
k074,1
flatron1,1
Messsi,1
0987654321,2
Norb,0
inis,1
cipri4,1
Antonio7,0
Svetlana,2
Arbequina,1
cirilek,1
esesoyyo,2
victor001,1
jmen,0
sempes,1
castulo,1
akb,0
Alex911,1
ThePersianGulf,1
Lupo,1
Kermek,2
realsid,2
bert,1
amir8869154,0
Nespro,0
minya1961,0
david5527,2
baddu,2
vfspb,1
ertor,2
nicorreze,0
D31283,1
Yarilo,0
Elliot28,1
lancelotukr,1
Tobillo,0
kserks,1
ls,0
cucurbitacee,1
fatossahiti,1
kartronov,0
BbcNkl_,1
mohammadtala,2
JSpower,1
Ivan64,1
NicolasDelaye,2
NOCKA,1
Rozee,1
rusak,1
vnelly,1
fram01,2
dipnaresh,0
GimnazijaMAT,0
StefanK,1
Fischer_50,1
HXcutionH,0
dek,1
rashit49,1
rsydor,0
kokes,2
k4niX,0
Oksana,1
german11,1
yooh_,1
HaDi-naz,2
History,0
alireza1azizi,0
cisek201,1
Antonio69,1
Serg11228899,0
murcauscas,0
jmcd,1
UnDerKetzer,1
Huskygaze,1
fedalio,1
denden_gra,2
p0dar0k,0
Violinist,0
ABUELOENTANGA,1
ciccio,0
TEODOR,1
alex296,0
TOTO17,0
Chibasal,1
sossos,0
morgan1,2
Na_Kol,2
yousef55,0
vinhasale,2
Supernova,0
norimyxxxo,0
URIAHURIAH,1
s_popov,1
wilifog,1
Murugan1,2
dygar2000,1
Kimon,2
chavosh,2
sps53,1
sokol88,1
lucia11,2
vek47,1
balex,1
frankyz,1
143,0
Zaqws,1
ekumenik,1
OLEG_F_4,0
screens,1
PacoMGM,0
killerchessing,1
Ehuric,0
demirkiran,1
Semmel,1
Ernestoliva2,1
oll78,1
OhmyGod,2
mundistrul,2
garderob,1
blackhorse,2
rusli,1
rx,1
Inv,1
WealthandTaste,2
baobabbos,0
vicodinn,0
pikaron,1
Raton00,0
6789,0
Airtransformer,2
fuck_uuu,0
Matematik07,1
bldobr,0
salim,1
BOGDAN-P,0
Kakurenbo,0
JoseChez,1
Cliff_Burton,0
fikusindigo,1
-1,2
sokol_ml,2
rastikk,2
ice-blue,1
kikeillana,0
kogaya,1
buzuki,1
CHUSOCK,2
rbkamerik,0
AkenoHimejima,0
umathurman,1
qetuo,1
torkin,1
daco,2
Anatolich,2
nafa,2
ido,0
MaxBur,0
savidica,1
zero1234,1
Karen_Armenia,1
GleytonPB,0
Panevis,1
Kikelius,1
Fisher62,1
speakerc,2
Moy_General,2
gorgie,2
Retornaire,0
cyclo,2
mrKu,1
GladiatorX1,0
Modus,0
JJPCaesar,1
argo,1
viduccio,0
manuel87,2
kent777,1
Chrodegang,2
Vitus,2
Saminngs,0
Buick_jr,2
jojolapin,0
ChikiPuki,0
rokh,1
azitaaaa,1
jansom,1
kilgoretrout,1
FAVORIT111,0
Pierro,2
marina1984,1
willain,0
celikikamen,1
mkr,0
silverbrutus,0
zerbereus,0
Cynosure,0
SAIRAM,0
engineabuser,2
popeter55,0
ChessThom,0
vvalex70,0
vytaskas,1
celeron17,1
PetWussy,1
berg1972,0
buka,1
just4fun,0
Joueurfel,0
Lerelliz,1
Corsario,1
Aceves,1
Anakvad,0
lodos,0
amirr99,2
amater,1
Mess-Mend,0
aZTeC1993,1
Enderbean,2
noisivelet,1
novap,0
jockey,2
AndRay,1
onetoomany,0
XRIZOLIT,1
huzar44,0
Share,1
GaneshKanna,0
Hugosch,0
s_dvoryanchikov,0
lawlite,2
TransCanadaHighway,1
Kalikrat,0
McPiter,2
allwayswinner,0
frisby,1
kubko,2
Roibabax,1
Nathan,0
valjevo,1
baron,1
yeni,0
FCST1923,2
mensajero,2
Lain,1
merryrose,2
cyberpunk,0
tiger_style,1
qwerty1979,0
MNM,1
AQUILES,2
Masoud43,1
Jarno,0
umniy_,2
alireza_here,0
tropo8,1
ThreeFoxes,0
Bduff,1
sahinozan,0
alaska,1
asghar1933,1
yurij,1
bouguila,1
FMadam,1
GeorgeWBush,1
Vagulo,1
naiss-red,0
kolja,1
Dawaii,0
abouzar25,2
guzu,1
negrasombra,1
maximuss,1
pdplus11,2
Manouche31,0
asnegao,1
JGCA,1
pasam,2
voko6og,2
vertical8,2
MGT88,1
dougthehead,1
etrussk346,1
Halil,1
Ekki,1
L0B0,1
ChessSystem,1
3_1415maldaumen,2
awfulplayer,1
amirmechanic83,2
omrad,1
Annbuut,2
jetlivodovoz,0
sbrad1,0
Vigorito,0
ayla,0
JohnnyBravo,1
UC-Anbu,1
Jsego_,1
gigantchess,1
uxim,1
dcarballor,2
bimers,2
enxy,1
Pollini,1
flesi01,0
alexbc,2
ilian,0
Potent_Returns,1
dominguezfc,0
masterdak,0
habatur,1
agdani,0
nikita75,1
70569,1
ququ,0
kaldere,2
Toscani,0
Cesc,2
erg57,0
SilverSerphent,0
babak_afshin,1
Chess_Agent,0
Inscrutable,0
kukukuruku,0
fisting_grandmas,1
James_Lehm,2
azoyan,0
Zeroace,2
Hunab_Ku,1
adiprenne,2
pepito,0
TyIer,1
best,1
potentialeight,1
lionvdv,1
EgidijusV,0
LeBrowa,1
pdhaag,1
Berlinger,0
kuki386,1
Tree2011,1
luciosergio,2
acer,1
angeluzumaki1,2
jack0211,1
hombreperro,2
superchess,1
Diego_Arg,1
Goldi,2
DEADLY,1
Loserbernd,0
garciajunior,0
WhiteRabbit,0
aguinaldo,0
Partner,1
Tukeke,1
Ordep,2
lucastotoli,1
F1_ALONSO_FERRARI,1
Clauss34,1
mymyr,2
WinChesster,0
Supersonic,0
Ricardo754,2
eydun,1
migsan10,2
palko09,0
necko,0
Szandor,0
Czaik,0
HVEagles,1
Xenon,0
mrschifer,0
21NameMy,0
angarsk,1
KRAG,1
gawstt,1
BigMcLargeHuge,0
DUMBLEDORE,1
aZaz,1
bsn232,1
joshivan,0
jhipolito,1
brigoodwinan,0
valera111,0
loon101,0
vasi55,0
kay,1
Kurak,0
Iwanowich33,1
newlex,1
erbb,0
we_chess_now,0
Snorpy,1
mahir123,1
Technolog,1
serg56,2
Celine,0
chez,1
Bubchikov,2
sani5057,0
AngryBear,2
rookplays,2
Empire82,2
vaacshes,1
majdi_alfakhri,1
rohirims,2
MEMBRY,2
Paul1966,1
12652,0
kaiser007,1
MAGICUS,1
georgii,0
bobaokc,1
RUS2013,1
jemioloch,2
sambo,0
eqsx,2
gits,0
ded-blg,1
Anton,2
nefteg,2
SHADOW64,2
pragmatic_loser,1
jagamca,0
chert843,1
Mems_,2
SonaChouhan,2
Bjerk,2
shorterg,1
Arch,1
undertaker,1
lex2806,1
Lightman,2
untergrundwelle,2
rodrigoab,2
chesss4,0
dato_123,1
longboard,1
Svkg,1
boord,1
Artem84,1
OBorchenko,0
augustus_hill,0
JohanBasel,0
JRamon85,1
Palladio,1
Sinan,1
philidor,0
alimos,1
cesarpr78,2
je,0
kaspiic,2
Winner1,2
Vlaroz,1
seyedsaeed,1
Yudhisthira,1
-persian-,2
Ruslan_Yakupov,1
goerch,1
alc_rabie,1
Monsieur_Tapis,1
devora2010,1
Ivanijus,0
guiem,1
Omer,1
Wittam38,2
mwmw,2
KarlRoll,1
neo11,2
pzd060,1
uts68,0
agnefrance,0
mazorra,2
074sanchez,2
CHIQUITIN,0
YAKUDZA,2
Malkav,0
zapatayack,1
ramutol,1
slavavv,1
Redneck,2
Skar,2
ivaka,0
KAINVALDOMERO,1
vitaos2,1
KOROVA_MILKBAR,0
3ae6aLLIy,0
akner92val,0
FrereKeiser,0
matsuhui,2
Expert1,2
oblomov77,1
vikings,0
sundaresan,0
2bleHunder,0
Prospice,2
copperfield,0
Sa052,1
FIREMAN101,0
tadamasca,2
Thunderbird,1
ChessWhiz,1
ronin19,0
RogerSmith,2
Kol,1
xinirnix,1
Romoda,1
suds79,1
Elsa,1
marchello,1
sajjadstar,2
howardhewett,1
parque,0
Artin,1
mircodotta,1
jpinper,0
Sandrov,0
Chessgames,1
redline74,1
Betta19731973,1
Aiditz,0
apaa,0
Sapee,1
mado,1
bgandalf,1
borisovich33,1
ioi,0
ThunderWrath,1
azim7634,1
dionysos199,1
Agni007,1
Burnafew,2
reymago,2
xatzi1970,2
Omraz,0
soroosh,2
alj,0
ZUZU,2
rodrigodbgt,1
Checky,2
nilson,1
SOKOL_71,1
CrazyDiamond,1
Calidus23,0
Kostyan,1
salam,0
elkaoD,0
jajce3,0
cengerlarsen,0
MrLarsen13,0
Gardos,1
bobon,0
redskin,1
flex,2
Navid-g,1
Beepie,1
Jayasimha,0
svrca,0
faycel,1
fredymam,1
nike_the_bullet,2
osher,1
khishimin,0
Sla_Bo,2
medo,2
bijean,0
Umibus,2
Glaumur,1
Hunter_CBX,0
red1,2
PAOLOXIII,0
Queeeen,2
ramoncito12,2
anatolypalomov,1
Soterious,1
red_max,1
doncles,1
bolla,2
JHOWKUSH,0
Paker,0
JOhanson,1
CrazyBullet,2
M0rality,1
elrubio809,2
chafaar,0
italocesar,2
AjedrecistaPlayer,0
thebay6,0
ikatsca,1
preira,0
pissedOFF,2
qarachoban,2
Monkey101,0
saksham,0
dgsv442,2
S302,1
vev,1
Ohwweee,0
OnlyJack,0
The_Clown,1
bronx_novice,2
JhonyNacho,2
Indi,0
Aper92,0
Nagval,1
Wulfsige,1
dm09,1
engmohamedsalah,1
Titzel,0
RYATUGIN5,1
buster35,1
Astrokazarjtron,1
Sjalistra,0
SesilB,1
sina,1
CASL,2
poustinikki,1
Arkanit,1
Shumilovskii2096,1
FuckYouALL,2
GuaSha,1
toyota,2
Pringao28,1
titoo,0
bab2683,2
Kcoleta,2
Trotero,1
slavking,0
WormHole,2
hosein_zh2008,0
so_sad,0
PatBateman,1
kingofchess,2
Patolino,1
lind1,1
pronik,1
IvTK,1
SCACCHIS,2
hifi,1
ivan_lo,1
Lizok,1
lionvdv1,2
dnzylmz,1
Esmeraldo,1
Sap-sa-de,1
Atyzze,0
yoidk,0
AmanteDeiSogni,1
zoroastro,1
oblivion77,1
Zeit_Not,0
delp,2
Tanatos,1
Regal,0
Vodolaz,1
Uros022,1
sidneycrode,1
elenin012,1
Jurist,1
abdooo,0
piligrim,1
coolmanskasparov,2
miooim,2
galahad,1
Armada,0
HLD,1
tsinnema-standard,2
kazemti,1
POL,0
tamachi,0
luc5,1
szelman,1
plateado,1
Yula,1
AlexPers,0
Osvovan,2
kimikilla,2
screwball,1
marylouis,1
nirro,0
ninoelle,1
meberlioz,1
CaptMorgan,1
8886,0
deltaflyer,1
LeHiboux,0
karlmarx,2
tiby312,2
hgrey,1
Duri123,2
OWC14,1
jm70,1
toma-st,2
ataknat,0
Communist,0
Castlan,0
magome,1
rosh_,0
flamez911,2
BisonBasque,0
XapbkoB,2
oneerlijk,1
Kuna,1
www_aglona_travel,2
Mephostophilis,0
apolo,1
thepenis,1
dlbr,2
Benimacleter,2
VanFkingHalen,2
solcosmico,0
stau,2
Ariel2252,1
mchelken,0
Darewaves,1
Mikur,0
ziptal,0
tr1plem,2
DaveBloom,0
thechessengine,1
yourMaster,2
davidsalazar,2
humanlist,2
SugarCoatedPills,0
La-la-la-la,1
rapitrance,1
cornsnacks,0
milano1,0
kostadinov1972,0
pablo1,1
Josemii93,1
juuk,1
PersianBoy,1
DarkKnight7,2
Mish,1
GUUINPLAST,2
ariloulaleelay,1
dramaqueen,1
BadTouch,2
Capodistria1776,0
WakeUpNeo,0
Clarkey,0
Lacme1,0
surgeon,2
andreev,2
tatan19,1
Weinstein,1
base778,1
janq,0
S1DNE1,2
BjossiSv,0
Baboon,1
captainRobinson,1
Nego,2
vxgjxjgfxggjgj,0
xms,1
oscardalmasso,2
Gi69,1
Maniacal,1
zivnix,0
hellion,1
HonchoIII,2
3en,0
evangeline22,0
serxi,0
jlmantero,0
dyson,0
Rassvet,1
AmehdiGhadim,1
juniorchik,2
Lawyer,0
MetalPirate,0
Ivan_Vodka,1
fat0troll,0
6s,2
carlos013,1
fgbarone,0
karo-kun,1
promiscuo,0
sonsimp,0
TeenOh,1
Terribad,0
dimehola,0
Del,1
paxworth,1
Kurwa,2
Oz,2
Skeletor,1
jalilroozban,1
staric,1
thegame_11,2
brus-vs,0
madkupe,0
Tsoomoo,1
dnc,1
amiremami,1
partakcrm,2
Genuine,0
WWS,1
ckursad,0
hetatho,1
yur-koto,1
OBOIIJE6A3A,1
jeh-1,2
SOPOT777,1
William_V,1
sunero,0
tezo79,1
Volopas,0
kekko0808,2
24197,0
saeedniknam,0
Azat,2
ewrdfcv,2
TIXOPOY,0
asadinia,1
volk,0
zettadam,1
SirAsmoo,2
des75,1
michelino2,0
karl008,1
r4mp24l1s,1
bfantesia,1
phantom2013,0
wert,0
GrandZen,2
Nini1402,0
slazorenko,1
zhorik_kapov,0
James_dude,1
tomi36,0
rovokopac,0
BlackDingo,1
momentum,0
Di_diver,1
mustroll,2
LOR_J,0
DarkStrike,0
SonicTheHedgehog,0
griffit2013,0
emanuelf,2
AvImd,2
PAMC,1
velimaxi,1
alfix,0
all-others,0
tierrita_cb,2
torronteras,2
HAL-9000,1
bfgkmc1,2
112358,1
Mercurial,0
Eks,1
cakey,1
J4n,0
Nita_Liona,0
marciogyn,2
BIGWORM,1
Wen,1
mcrobbie,2
firef,2
hayweyyy,2
Charles,1
Liberia,1
Yu_Si,0
mohamad79,1
legend,1
yuri_chess,1
gomi13,2
NIKOLAY1978,1
hojjati,2
Fisher111,0
elmassrey,1
scannow,0
trekronor,1
sah4567,0
khas,1
Papst_Benedikt,2
MaybeSheLikesHam,0
Vera92,0
Shura,1
DIgorevich,2
dyb4hzvo,2
epok,0
qsalister,0
jjbus,1
olinchuk,1
DIESELL,1
Mats,1
Nona,1
XRat,2
tigrbavi,1
E_R,0
NinjaWithKatana,1
Alik,1
saa,0
Dobrodruh,1
Beer-chess-dubstep,0
pierratafia,0
infa,0
0day,1
lilas,1
chess-player,0
superpaisano,1
ghodsian,1
krab1kovSUP4IK,0
blusah,0
flcjp,2
supercraps4ede,1
kall-max,0
wrack,0
Gileade,0
mikel,1
TUCACHERO,2
regordrum,0
AntaresS81,1
apsu2323,1
iLucky,1
pakap,1
adam_zett,0
gil,1
grass,1
juscelk,1
welshman,0
Torturous,1
TomasF,0
Puma,2
gremlin_the_red,1
GentlemanChess,1
sshilovsky,0
Memyself,2
ivan11,1
MensserFrancisco,2
thinkgud,0
kosbar,1
jess67,1
Sergeevich,2
dunny,1
artemka,1
LLUNA,1
Xhosa,1
HelelOBom,0
Alex,1
mazzamuz,0
BlubbaEkke,1
terminator100,1
kloun,0
opera,0
hankm00dy,0
BuckRogers,0
ATLASZENON,0
tbpatel23,1
ctmd,2
Signodesing,2
camozzi,2
NoNoNoNo,0
Bony,2
sheik1,2
banger,2
Bavarian_Illuminati,0
muratk,0
sufyan,2
DrCerebrito,1
DA,2
Practice,1
soheilsoma,2
nessu,1
lolshto,1
Vegan,2
staffie,1
signa,2
andresneno,1
Apradion,2
DreamerKrsk,0
jhericjared,1
rick,2
RaptoR-Bee,1
Artur2004,1
sook,2
Sattip,0
riaz,0
Pippertone,1
Miafkin,0
BozzOz,2
citizensas,0
Chernec,2
Ruslan28,0
KATAS,1
jijini,1
5-0,1
sheva19,0
ANDUTU,0
CantoOstinato,0
GOSHA,1
atoyotaisatoyota,1
masterofkick,0
dragon_storm,1
Altair,0
Mitsuo,1
gleb,0
antonio1954,0
suq_madiq,1
kalaramesh,1
DarkNess123,2
AThinLeafoftheLifeTreesTruth,0
FGR,0
Kinopsis,1
danaopaal,1
Robalo,1
Wordus,1
SRLE,0
BVS,1
edivillela,1
CapsLoc,1
sunbeam,1
FASHER,2
SADlife,2
dvorak,1
marcusfrex,1
decoy,0
pokeking,1
MK1,2
Geser,0
Hysteria,2
mode,1
Esperanto,0
Robocop,0
alexandros13,0
HaDi-Nazari,2
Romanov,1
paranganski,1
kostik,1
Antonio-ru,0
eiyawii,1
ckrudolph,1
53sobhan,2
royal23432,2
FrainBart,1
jingjie,0
loop,2
sik,1
anilku07,1
rumata,1
thomas_greece,0
bluemoon77,1
Scorpion_17,0
mankoand,2
qbot,0
Maria_K,1
SaraAlipoor,1
agob,1
Pen-Pen,1
fonzzz,1
Alicia,2
SamuelPStephensonJr,2
consun,0
tutsikiyanacek,1
krkrpelj,0
Ramarna,0
robbi,0
likan,0
chicotemido,1
Lemonhead,2
notLucky,1
VYJEBANEC,0
Homeak,0
tayas20,1
Na,2
abbas58,0
tehas23,1
Matisdom,0
edmario,1
koishiteru,1
orkuan,1
Talc1127,2
mataLionTower,1
KomVz,0
DATCHESSNIGGA,0
Brickman,1
chrisstansell,1
ResistMe,1
frankja,1
aruncn,0
D33PBLU3,2
Chandeep,0
yaponec005,0
ETO_GOLOVA,2
mahboob,1
hhh333,1
games,1
babu,2
takeback_kid,1
Thecheesykid,1
iri,0
FredrikXXV,2
markusxd,0
hamedsadeghi,2
Nikvol,1
ajsi,0
Odorespo,0
danshingennady2012,1
FelipeCP,1
areopagus,0
dejanba,2
isildur1,0
chess8886,0
imperius123,1
quez,0
Grosplant,1
jewkiller,1
garfield,1
Phianon,2
Kiriush,1
milkybarkid,1
gudwin,1
andryxa,0
KXEPAMBCE,0
mersad,2
ggg123,1
eziron,0
mansour,1
Accolon,0
superbuddhapunk,1
vadya-2013g,0
vladub,1
lasco13,1
unsta1,1
koishiteru2,0
Filipino,2
KmPeon,0
bloodyGambit,1
discostar,1
sexsahgrrr,0
biohazardous,0
gustavogdcp,2
castrocp,0
ulpiano3005,0
GMASTER,0
Ivan1927,0
GuffyG,0
romeo82,1
k3x,0
KP,0
pp99,0
xNewworldx,1
moin,2
stsms,2
hihihaha,1
AKIRA,1
IncredibleMiracle,1
kingforaday,1
reji,2
frankluz18,0
stuyck,1
curitibano,1
rfeca,0
estevaotonioli,2
hajsen,2
bajo2bajo,2
rodrigoam,2
el_mario,0
queenforanight,1
DaBudaMasta,0
thesheik,0
dpwmasters,0
Makia,1
Dorky,0
maxcoll23,1
botanik,1
genicio,1
SubLime,0
gusti,0
Tol62,1
rubenmarrios,1
WagnerLove,1
arkantos,1
slabisahista,0
xtasqf,1
YuraBoss,1
kasparov007,2
Dima85,2
Evocati,2
MssnGspl,1
NOOSHIN,0
Smok,0
chekmeifucan,1
Theion,1
safran,2
kanzee2,1
OMMHOA,0
tbret,1
pawnkingprime,2
qasem,1
DzonYx,1
pedrocempaus,1
Vdog115,1
burnoksan,1
maroon,2
paayots,0
Knedwert,2
perrete,2
Amberdawn,2
ziba,2
bardia,1
skchess,1
Leon56,1
Diahrree,2
libero,1
chuckler,1
asifkays,1
danielski,0
jagsolitario,0
gambitking,0
negletios,2
Evgeniy_N,1
899,0
Pergamin,0
mistergrey,1
Mafia_top,2
StefanVlasinski,1
Der_Boss,2
MyTrooName,2
need4keed,1
mapets,1
ankesor,2
danielfegu,1
Maklaud,1
girniak,1
Gameiza,0
Schlyonsky,1
GoVegan,2
back2win21,2
rookie01,1
gholash,1
heyyo,0
LabudovoBrdo,1
thonon,1
marram,1
mostafa-GM,1
Rubiales,1
zrupnik666,0
lossahista,0
Josimar1989,2
Nazjones,2
Sir-Dapper,2
Nahuel91,0
jordov,1
dabish,1
pedro35,0
TingeltangelDante,1
CHESSMAN1,1
vinay,2
Magus,1
Tkach,0
RASA,0
legolord,1
vikingsykt,2
andrebaldo,0
cc1200,2
mag,2
aycs,0
krzysztof47,1
mrshogi,1
CKOT,1
Immortalice,2
simpu,2
matungopulenta,1
pooeater,1
Cortana,0
juandavid93,1
EvilSkeleton,0
al78,0
couchslouch,2
Pablete,2
Adsumus,2
ultima_linea_rerum,1
latka,1
Dnipro,1
deivis14,0
Morric,1
MmiiYvaaRrxaaRrr,0
Spaztic,0
Wasp,2
Jakan71,0
ShkinTaty,0
WATCHTHEEE,1
coeklav,0
MonaBlue,1
neymardossantos,1
TheRadishSpirit,2
Vincenzo,1
sGv69,1
RunningMan,1
tkngrafik,1
ali40,2
Bipolar_Bear,1
NoPlayNoFun,2
KotovSyndrome,1
donChisciotte,0
pokrov,1
koss92,1
occupylichess,1
reza11,2
niggerwatt,2
leonard,2
Mahayana,2
World__Champion_,2
ravichesswhy,2
awawaw,1
occupy_lichess,0
krki,0
oldsaltydog,2
Numoto,0
dietofworms,2
davidsalazul,2
vahehabram,1
robin74,2
lenny26,0
raim25,0
HDI,2
5Agostini,0
Catoira,0
Teltronik,1
LunnaDorozh,0
Anassdu37,1
Chesymaster,2
chandy,1
quodlicetjovi,1
Larry,2
Crus,2
leff59,0
Napoleon17,0
Trompetenfurz,1
Allah_Is_Greatest,2
Dickzilla,2
Denizen,1
justplay,2
sahsexovic,0
peacone,2
4steps,2
keeneye,2
evilpawn,2
Brutality,0
Labrador,0
baronetto,0
Babaul,1
Massaraksh,0
qwertyzxc,2
pevackisah,0
nikky78,1
gz,2
alfil_pincharrata,0
Caboose,0
Navosssta,0
sftb,1
ShubinS,2
MariTimo,1
AlwaysWinner,0
MILADBCH,0
dzinstoja,0
Maedhros,1
oldstar,0
coery12345,2
inspectorgadchet,0
Nstyle,0
MendesJr,2
peon-de-don-Miguel,0
punisher2013,0
MYTIME,2
xchuko,0
SavageChezz,0
kertbert,1
ShubinA,1
NR-S,2
grigora,2
Negra_Hermosha,0
kualalumpur,0
GAV,0
twochief,2
alrazouqi,0
ariana14,1
longuz,0
hash,0
BerserK,2
aleator,2
ayax1,1
lolcat,0
hhrdan,1
salmo,0
MehMeh,2
sandfran,2
RedBull,0
dododa,1
javloon,0
krmaksi,0
netsah08,0
ravishank,0
flashy,2
schlafi,0
pteozaur,0
writing13,0
bz,1
German_rc,1
Qjerk,2
gonzalosar,1
malcolmics,0
pacoco123,0
Anariel14,1
TVZ_2013,0
tt_samuel,2
jih,2
godless,0
federer,1
1_,2
a1968,1
draganlimar,1
nikola1,2
FC_DD,0
TaDa,0
van9,0
High,0
Tritonos,0
KHORRAM,0
bmehdi,1
winter2000,2
ZPavelZ,0
BVS1959,1
Boby25,1
Paradoxus,1
Olorin,1
artist991,1
sjjs,2
Greenlan,2
mevale,0
khal,1
trypanasomagambiense,2
monstr,0
des,0
MikeS,2
Bane65,1
riker,1
sjsalsa,2
thaliolhagi,1
NIkiTA-1999,1
putoelquelolea,2
hi_man,0
pablotorre,1
Mollekopp,1
antisah,0
Smrt,0
Joanot-Martorell,2
erluis,2
petrpervy,1
vmartin,1
SCORPION98,0
princekaka,2
zaman1410,0
Afshin1,2
ddorian,2
mas_moel,2
Moloch,2
pokemonmemet,1
cadenas,0
indian_army,2
Robin_Hood,2
0856,0
Varys,1
Virtus,0
1051,0
SatDiver,2
dim18,0
Pawnmaster,1
zigzag,0
Moham20,2
anton130287,0
JAKE100,2
luserino,1
AR,1
unproductivity,1
stengah33,2
knopp,1
avigrin,1
6666,1
chupa,1
frandsand,2
paiztugalan,1
TheDazzler,1
buja,0
olegis,2
para_usan,1
commissar,1
jigglefiggle,2
Interceptor3,1
mditll,1
username_id,0
Ferz,1
rburge7,2
khoram,0
vicentm,0
2Hunder,0
Urusov,1
rorro0202,2
GambitRicky,1
Sinnerman,0
Fabatak,0
grbavsi,1
insertcoin,1
entraction,0
juketay,2
Troianus,1
semenov_serjei,1
Cranich,1
fax,1
keeper,1
xotix30,1
Arius,1
k150,1
legend999,2
Arthzu,1
karpov0071,0
Baelor,1
leos,1
jewbutcher,1
shahram364,2
joudy,2
rtyjghh,2
Goofy,0
sevennn777,0
mehdi--,1
Oldguy,1
die_juden_aus_rotten,1
mayorga,1
Sofia,1
NANDgate,0
chesmania,2
uragan415,1
zine1971,2
PrettyWoman,1
herbyangyun,1
schachstefan,0
pauok,0
litzzzz,2
KendricK,0
332,0
acula,1
hobbychess,0
Victor_I,1
13-1000,2
SkyBang,0
Tortfeasor,0
